K1 용혜인 사퇴	용혜인|겸직|용’|‘용|용 쓸지
K2 김승원 로비 녹취	김승원|청탁|녹취|브로커|신약|로비신약|식약처 로비|과장 ?선에서|오빠들
K3 총리실 과장 한동훈 회견 질문	총리실 과장|기자인 척|총리실.*사찰|사찰 아냐|신분 (감추|숨)
K4 美 호르무즈 파병 11월 시한	파병|호르무즈
K5 李 지지율 38%·최저	지지율|30%대|4050도
C 파주 냉동창고 살인	냉동창고|파주 카페|상품권
C 추미애 12억 관사	추미애|관사
C 네팔 대홍수 후속	네팔|발전소서
N 李 연임 개헌·'임기 헌법상 제한'	연임|임기|개헌
N 대미투자 1호·원전 8기	대미 ?투자|대미투자|원전 8기|가스발전|웨스팅하우스
N 중수청장 김지용·공소청 검사감축	중수청|김지용|공소청|검사 감축|검사 ?정원|사법통제부|檢캐비닛
N 권혁빈 이혼 2.5조	이혼|재산분할|권혁빈
N 국제유가 100달러·국채	국제유가|국채·유가|100달러
N AI 인간증명·수학	인간 증명|AI|로봇이 아닙니다|88시간
N 조희대·대법관 재제청	조희대|재제청
N 노조 파업(포스코·현대중)	파업|노봉법|노란봉투
N 서울 집값·전세난	집값|아파트값|전세|생애 첫 집
N 문해력 OECD	문해력
